{"eval/loss": 0.31311696767807007, "eval/accuracy": 0.9, "eval/precision": 0.0, "eval/recall": 0.0, "eval/f1": 0.0, "eval/runtime": 0.3164, "eval/samples_per_second": 31.608, "eval/steps_per_second": 3.161, "train/epoch": 3.0, "train/global_step": 27, "_timestamp": 1727964201.923122, "_runtime": 90.60800886154175, "_step": 3, "train_runtime": 92.9505, "train_samples_per_second": 2.905, "train_steps_per_second": 0.29, "total_flos": 71039984947200.0, "train_loss": 0.5157420193707501, "_wandb": {"runtime": 89}}